{"data":[{"customdata":[["Manouba","La Mannouba"],["Ariana","Chorfech"],["Ariana","Jabbes"],["Ariana","Chotrana 1"],["Ariana","Ariana"],["Ariana","Ariana"],["Nabeul","Cite Touristiqu"],["Nabeul","Cite Touristiqu"],["Ariana","Borj Touil"],["Manouba","La Mannouba"],["Tunis","El Manar 1"],["Ariana","Cite Essaada"],["Manouba","La Mannouba"],["Ariana","Chorfech"],["Ariana","Jabbes"],["Ariana","Chotrana 1"],["Ariana","Ariana"],["Ariana","Ariana"],["Nabeul","Cite Touristiqu"],["Nabeul","Cite Touristiqu"],["Ariana","Borj Touil"],["Manouba","La Mannouba"],["Tunis","El Manar 1"],["Ariana","Cite Essaada"],["Manouba","La Mannouba"],["Ariana","Chorfech"],["Ariana","Jabbes"],["Ariana","Chotrana 1"],["Ariana","Ariana"],["Ariana","Ariana"],["Nabeul","Cite Touristiqu"],["Nabeul","Cite Touristiqu"],["Ariana","Borj Touil"],["Manouba","La Mannouba"],["Tunis","El Manar 1"],["Ariana","Cite Essaada"],["Manouba","La Mannouba"],["Ariana","Chorfech"],["Ariana","Jabbes"],["Ariana","Chotrana 1"],["Ariana","Ariana"],["Ariana","Ariana"],["Nabeul","Cite Touristiqu"],["Nabeul","Cite Touristiqu"],["Ariana","Borj Touil"],["Manouba","La Mannouba"],["Tunis","El Manar 1"],["Ariana","Cite Essaada"],["Manouba","La Mannouba"],["Ariana","Chorfech"],["Ariana","Jabbes"],["Ariana","Chotrana 1"],["Ariana","Ariana"],["Ariana","Ariana"],["Nabeul","Cite Touristiqu"],["Nabeul","Cite Touristiqu"],["Ariana","Borj Touil"],["Manouba","La Mannouba"],["Tunis","El Manar 1"],["Ariana","Cite Essaada"]],"hovertemplate":"Type=Terrain nu\u003cbr\u003eSurface=%{x}\u003cbr\u003ePrix (TND)=%{y}\u003cbr\u003eVille=%{customdata[0]}\u003cbr\u003eRégion=%{customdata[1]}\u003cextra\u003e\u003c\u002fextra\u003e","legendgroup":"Terrain nu","marker":{"color":"#636efa","symbol":"circle"},"mode":"markers","name":"Terrain nu","orientation":"v","showlegend":true,"x":[340.0,null,null,322.0,776.0,384.0,null,301.0,null,340.0,509.0,564.0,340.0,null,null,322.0,776.0,384.0,null,301.0,null,340.0,509.0,564.0,340.0,null,null,322.0,776.0,384.0,null,301.0,null,340.0,509.0,564.0,340.0,null,null,322.0,776.0,384.0,null,301.0,null,340.0,509.0,564.0,340.0,null,null,322.0,776.0,384.0,null,301.0,null,340.0,509.0,564.0],"xaxis":"x","y":[221000.0,150000.0,248400.0,240000.0,271000.0,230000.0,150000.0,130000.0,680000.0,221000.0,500000.0,450000.0,221000.0,150000.0,248400.0,240000.0,271000.0,230000.0,150000.0,130000.0,680000.0,221000.0,500000.0,450000.0,221000.0,150000.0,248400.0,240000.0,271000.0,230000.0,150000.0,130000.0,680000.0,221000.0,500000.0,450000.0,221000.0,150000.0,248400.0,240000.0,271000.0,230000.0,150000.0,130000.0,680000.0,221000.0,500000.0,450000.0,221000.0,150000.0,248400.0,240000.0,271000.0,230000.0,150000.0,130000.0,680000.0,221000.0,500000.0,450000.0],"yaxis":"y","type":"scatter"},{"customdata":[["Nabeul","Kelibia"],["Tunis","Ras Tabia"],["Ariana","Cite Ennasr 2"],["Tunis","Ain Zaghouan"],["Nabeul","Kelibia"],["Tunis","Ras Tabia"],["Ariana","Cite Ennasr 2"],["Tunis","Ain Zaghouan"],["Nabeul","Kelibia"],["Tunis","Ras Tabia"],["Ariana","Cite Ennasr 2"],["Tunis","Ain Zaghouan"],["Nabeul","Kelibia"],["Tunis","Ras Tabia"],["Ariana","Cite Ennasr 2"],["Tunis","Ain Zaghouan"],["Nabeul","Kelibia"],["Tunis","Ras Tabia"],["Ariana","Cite Ennasr 2"],["Tunis","Ain Zaghouan"]],"hovertemplate":"Type=App. 3 pièc\u003cbr\u003eSurface=%{x}\u003cbr\u003ePrix (TND)=%{y}\u003cbr\u003eVille=%{customdata[0]}\u003cbr\u003eRégion=%{customdata[1]}\u003cextra\u003e\u003c\u002fextra\u003e","legendgroup":"App. 3 pièc","marker":{"color":"#EF553B","symbol":"circle"},"mode":"markers","name":"App. 3 pièc","orientation":"v","showlegend":true,"x":[100.0,109.0,128.0,1.0,100.0,109.0,128.0,1.0,100.0,109.0,128.0,1.0,100.0,109.0,128.0,1.0,100.0,109.0,128.0,1.0],"xaxis":"x","y":[160000.0,700.0,350000.0,1950.0,160000.0,700.0,350000.0,1950.0,160000.0,700.0,350000.0,1950.0,160000.0,700.0,350000.0,1950.0,160000.0,700.0,350000.0,1950.0],"yaxis":"y","type":"scatter"},{"customdata":[["Ariana","Borj Touil"],["Tunis","Gammart"],["Ariana","Chotrana 3"],["Ariana","La Soukra"],["Ariana","La Soukra"],["Ariana","Borj Touil"],["Tunis","Gammart"],["Ariana","Chotrana 3"],["Ariana","La Soukra"],["Ariana","La Soukra"],["Ariana","Borj Touil"],["Tunis","Gammart"],["Ariana","Chotrana 3"],["Ariana","La Soukra"],["Ariana","La Soukra"],["Ariana","Borj Touil"],["Tunis","Gammart"],["Ariana","Chotrana 3"],["Ariana","La Soukra"],["Ariana","La Soukra"],["Ariana","Borj Touil"],["Tunis","Gammart"],["Ariana","Chotrana 3"],["Ariana","La Soukra"],["Ariana","La Soukra"]],"hovertemplate":"Type=Maisons\u003cbr\u003eSurface=%{x}\u003cbr\u003ePrix (TND)=%{y}\u003cbr\u003eVille=%{customdata[0]}\u003cbr\u003eRégion=%{customdata[1]}\u003cextra\u003e\u003c\u002fextra\u003e","legendgroup":"Maisons","marker":{"color":"#00cc96","symbol":"circle"},"mode":"markers","name":"Maisons","orientation":"v","showlegend":true,"x":[470.0,1.0,1.0,120.0,70.0,470.0,1.0,1.0,120.0,70.0,470.0,1.0,1.0,120.0,70.0,470.0,1.0,1.0,120.0,70.0,470.0,1.0,1.0,120.0,70.0],"xaxis":"x","y":[350000.0,6500.0,7000.0,600.0,550.0,350000.0,6500.0,7000.0,600.0,550.0,350000.0,6500.0,7000.0,600.0,550.0,350000.0,6500.0,7000.0,600.0,550.0,350000.0,6500.0,7000.0,600.0,550.0],"yaxis":"y","type":"scatter"},{"customdata":[["Ariana","La Soukra"],["Ariana","La Soukra"],["Ariana","La Soukra"],["Ariana","La Soukra"],["Ariana","La Soukra"]],"hovertemplate":"Type=App. 1 pièc\u003cbr\u003eSurface=%{x}\u003cbr\u003ePrix (TND)=%{y}\u003cbr\u003eVille=%{customdata[0]}\u003cbr\u003eRégion=%{customdata[1]}\u003cextra\u003e\u003c\u002fextra\u003e","legendgroup":"App. 1 pièc","marker":{"color":"#ab63fa","symbol":"circle"},"mode":"markers","name":"App. 1 pièc","orientation":"v","showlegend":true,"x":[70.0,70.0,70.0,70.0,70.0],"xaxis":"x","y":[600.0,600.0,600.0,600.0,600.0],"yaxis":"y","type":"scatter"},{"customdata":[["Ariana","Mnihla"],["Ariana","Mnihla"],["Ariana","Mnihla"],["Ariana","Mnihla"],["Ariana","Mnihla"]],"hovertemplate":"Type=Surfaces\u003cbr\u003eSurface=%{x}\u003cbr\u003ePrix (TND)=%{y}\u003cbr\u003eVille=%{customdata[0]}\u003cbr\u003eRégion=%{customdata[1]}\u003cextra\u003e\u003c\u002fextra\u003e","legendgroup":"Surfaces","marker":{"color":"#FFA15A","symbol":"circle"},"mode":"markers","name":"Surfaces","orientation":"v","showlegend":true,"x":[370.0,370.0,370.0,370.0,370.0],"xaxis":"x","y":[300000.0,300000.0,300000.0,300000.0,300000.0],"yaxis":"y","type":"scatter"},{"customdata":[["Tunis","Jardins de Cart"],["Tunis","Jardins de Cart"],["Tunis","Jardins de Cart"],["Tunis","Jardins de Cart"],["Tunis","Jardins de Cart"]],"hovertemplate":"Type=App. 5 pièc\u003cbr\u003eSurface=%{x}\u003cbr\u003ePrix (TND)=%{y}\u003cbr\u003eVille=%{customdata[0]}\u003cbr\u003eRégion=%{customdata[1]}\u003cextra\u003e\u003c\u002fextra\u003e","legendgroup":"App. 5 pièc","marker":{"color":"#19d3f3","symbol":"circle"},"mode":"markers","name":"App. 5 pièc","orientation":"v","showlegend":true,"x":[135.0,135.0,135.0,135.0,135.0],"xaxis":"x","y":[3600.0,3600.0,3600.0,3600.0,3600.0],"yaxis":"y","type":"scatter"},{"customdata":[["Ariana","Cite El Intissa"],["Ariana","Cite El Intissa"],["Ariana","Cite El Intissa"],["Ariana","Cite El Intissa"],["Ariana","Cite El Intissa"]],"hovertemplate":"Type=App. 4 pièc\u003cbr\u003eSurface=%{x}\u003cbr\u003ePrix (TND)=%{y}\u003cbr\u003eVille=%{customdata[0]}\u003cbr\u003eRégion=%{customdata[1]}\u003cextra\u003e\u003c\u002fextra\u003e","legendgroup":"App. 4 pièc","marker":{"color":"#FF6692","symbol":"circle"},"mode":"markers","name":"App. 4 pièc","orientation":"v","showlegend":true,"x":[73.0,73.0,73.0,73.0,73.0],"xaxis":"x","y":[1200.0,1200.0,1200.0,1200.0,1200.0],"yaxis":"y","type":"scatter"}],"layout":{"template":{"data":{"histogram2dcontour":[{"type":"histogram2dcontour","colorbar":{"outlinewidth":0,"ticks":""},"colorscale":[[0.0,"#0d0887"],[0.1111111111111111,"#46039f"],[0.2222222222222222,"#7201a8"],[0.3333333333333333,"#9c179e"],[0.4444444444444444,"#bd3786"],[0.5555555555555556,"#d8576b"],[0.6666666666666666,"#ed7953"],[0.7777777777777778,"#fb9f3a"],[0.8888888888888888,"#fdca26"],[1.0,"#f0f921"]]}],"choropleth":[{"type":"choropleth","colorbar":{"outlinewidth":0,"ticks":""}}],"histogram2d":[{"type":"histogram2d","colorbar":{"outlinewidth":0,"ticks":""},"colorscale":[[0.0,"#0d0887"],[0.1111111111111111,"#46039f"],[0.2222222222222222,"#7201a8"],[0.3333333333333333,"#9c179e"],[0.4444444444444444,"#bd3786"],[0.5555555555555556,"#d8576b"],[0.6666666666666666,"#ed7953"],[0.7777777777777778,"#fb9f3a"],[0.8888888888888888,"#fdca26"],[1.0,"#f0f921"]]}],"heatmap":[{"type":"heatmap","colorbar":{"outlinewidth":0,"ticks":""},"colorscale":[[0.0,"#0d0887"],[0.1111111111111111,"#46039f"],[0.2222222222222222,"#7201a8"],[0.3333333333333333,"#9c179e"],[0.4444444444444444,"#bd3786"],[0.5555555555555556,"#d8576b"],[0.6666666666666666,"#ed7953"],[0.7777777777777778,"#fb9f3a"],[0.8888888888888888,"#fdca26"],[1.0,"#f0f921"]]}],"heatmap":[{"type":"heatmap","colorbar":{"outlinewidth":0,"ticks":""},"colorscale":[[0.0,"#0d0887"],[0.1111111111111111,"#46039f"],[0.2222222222222222,"#7201a8"],[0.3333333333333333,"#9c179e"],[0.4444444444444444,"#bd3786"],[0.5555555555555556,"#d8576b"],[0.6666666666666666,"#ed7953"],[0.7777777777777778,"#fb9f3a"],[0.8888888888888888,"#fdca26"],[1.0,"#f0f921"]]}],"contourcarpet":[{"type":"contourcarpet","colorbar":{"outlinewidth":0,"ticks":""}}],"contour":[{"type":"contour","colorbar":{"outlinewidth":0,"ticks":""},"colorscale":[[0.0,"#0d0887"],[0.1111111111111111,"#46039f"],[0.2222222222222222,"#7201a8"],[0.3333333333333333,"#9c179e"],[0.4444444444444444,"#bd3786"],[0.5555555555555556,"#d8576b"],[0.6666666666666666,"#ed7953"],[0.7777777777777778,"#fb9f3a"],[0.8888888888888888,"#fdca26"],[1.0,"#f0f921"]]}],"surface":[{"type":"surface","colorbar":{"outlinewidth":0,"ticks":""},"colorscale":[[0.0,"#0d0887"],[0.1111111111111111,"#46039f"],[0.2222222222222222,"#7201a8"],[0.3333333333333333,"#9c179e"],[0.4444444444444444,"#bd3786"],[0.5555555555555556,"#d8576b"],[0.6666666666666666,"#ed7953"],[0.7777777777777778,"#fb9f3a"],[0.8888888888888888,"#fdca26"],[1.0,"#f0f921"]]}],"mesh3d":[{"type":"mesh3d","colorbar":{"outlinewidth":0,"ticks":""}}],"scatter":[{"fillpattern":{"fillmode":"overlay","size":10,"solidity":0.2},"type":"scatter"}],"parcoords":[{"type":"parcoords","line":{"colorbar":{"outlinewidth":0,"ticks":""}}}],"scatterpolargl":[{"type":"scatterpolargl","marker":{"colorbar":{"outlinewidth":0,"ticks":""}}}],"bar":[{"error_x":{"color":"#2a3f5f"},"error_y":{"color":"#2a3f5f"},"marker":{"line":{"color":"#E5ECF6","width":0.5},"pattern":{"fillmode":"overlay","size":10,"solidity":0.2}},"type":"bar"}],"scattergeo":[{"type":"scattergeo","marker":{"colorbar":{"outlinewidth":0,"ticks":""}}}],"scatterpolar":[{"type":"scatterpolar","marker":{"colorbar":{"outlinewidth":0,"ticks":""}}}],"histogram":[{"marker":{"pattern":{"fillmode":"overlay","size":10,"solidity":0.2}},"type":"histogram"}],"scattergl":[{"type":"scattergl","marker":{"colorbar":{"outlinewidth":0,"ticks":""}}}],"scatter3d":[{"type":"scatter3d","line":{"colorbar":{"outlinewidth":0,"ticks":""}},"marker":{"colorbar":{"outlinewidth":0,"ticks":""}}}],"scattermapbox":[{"type":"scattermapbox","marker":{"colorbar":{"outlinewidth":0,"ticks":""}}}],"scatterternary":[{"type":"scatterternary","marker":{"colorbar":{"outlinewidth":0,"ticks":""}}}],"scattercarpet":[{"type":"scattercarpet","marker":{"colorbar":{"outlinewidth":0,"ticks":""}}}],"carpet":[{"aaxis":{"endlinecolor":"#2a3f5f","gridcolor":"white","linecolor":"white","minorgridcolor":"white","startlinecolor":"#2a3f5f"},"baxis":{"endlinecolor":"#2a3f5f","gridcolor":"white","linecolor":"white","minorgridcolor":"white","startlinecolor":"#2a3f5f"},"type":"carpet"}],"table":[{"cells":{"fill":{"color":"#EBF0F8"},"line":{"color":"white"}},"header":{"fill":{"color":"#C8D4E3"},"line":{"color":"white"}},"type":"table"}],"barpolar":[{"marker":{"line":{"color":"#E5ECF6","width":0.5},"pattern":{"fillmode":"overlay","size":10,"solidity":0.2}},"type":"barpolar"}],"pie":[{"automargin":true,"type":"pie"}]},"layout":{"autotypenumbers":"strict","colorway":["#636efa","#EF553B","#00cc96","#ab63fa","#FFA15A","#19d3f3","#FF6692","#B6E880","#FF97FF","#FECB52"],"font":{"color":"#2a3f5f"},"hovermode":"closest","hoverlabel":{"align":"left"},"paper_bgcolor":"white","plot_bgcolor":"#E5ECF6","polar":{"bgcolor":"#E5ECF6","angularaxis":{"gridcolor":"white","linecolor":"white","ticks":""},"radialaxis":{"gridcolor":"white","linecolor":"white","ticks":""}},"ternary":{"bgcolor":"#E5ECF6","aaxis":{"gridcolor":"white","linecolor":"white","ticks":""},"baxis":{"gridcolor":"white","linecolor":"white","ticks":""},"caxis":{"gridcolor":"white","linecolor":"white","ticks":""}},"coloraxis":{"colorbar":{"outlinewidth":0,"ticks":""}},"colorscale":{"sequential":[[0.0,"#0d0887"],[0.1111111111111111,"#46039f"],[0.2222222222222222,"#7201a8"],[0.3333333333333333,"#9c179e"],[0.4444444444444444,"#bd3786"],[0.5555555555555556,"#d8576b"],[0.6666666666666666,"#ed7953"],[0.7777777777777778,"#fb9f3a"],[0.8888888888888888,"#fdca26"],[1.0,"#f0f921"]],"sequentialminus":[[0.0,"#0d0887"],[0.1111111111111111,"#46039f"],[0.2222222222222222,"#7201a8"],[0.3333333333333333,"#9c179e"],[0.4444444444444444,"#bd3786"],[0.5555555555555556,"#d8576b"],[0.6666666666666666,"#ed7953"],[0.7777777777777778,"#fb9f3a"],[0.8888888888888888,"#fdca26"],[1.0,"#f0f921"]],"diverging":[[0,"#8e0152"],[0.1,"#c51b7d"],[0.2,"#de77ae"],[0.3,"#f1b6da"],[0.4,"#fde0ef"],[0.5,"#f7f7f7"],[0.6,"#e6f5d0"],[0.7,"#b8e186"],[0.8,"#7fbc41"],[0.9,"#4d9221"],[1,"#276419"]]},"xaxis":{"gridcolor":"white","linecolor":"white","ticks":"","title":{"standoff":15},"zerolinecolor":"white","automargin":true,"zerolinewidth":2},"yaxis":{"gridcolor":"white","linecolor":"white","ticks":"","title":{"standoff":15},"zerolinecolor":"white","automargin":true,"zerolinewidth":2},"scene":{"xaxis":{"backgroundcolor":"#E5ECF6","gridcolor":"white","linecolor":"white","showbackground":true,"ticks":"","zerolinecolor":"white","gridwidth":2},"yaxis":{"backgroundcolor":"#E5ECF6","gridcolor":"white","linecolor":"white","showbackground":true,"ticks":"","zerolinecolor":"white","gridwidth":2},"zaxis":{"backgroundcolor":"#E5ECF6","gridcolor":"white","linecolor":"white","showbackground":true,"ticks":"","zerolinecolor":"white","gridwidth":2}},"shapedefaults":{"line":{"color":"#2a3f5f"}},"annotationdefaults":{"arrowcolor":"#2a3f5f","arrowhead":0,"arrowwidth":1},"geo":{"bgcolor":"white","landcolor":"#E5ECF6","subunitcolor":"white","showland":true,"showlakes":true,"lakecolor":"white"},"title":{"x":0.05},"mapbox":{"style":"light"}}},"xaxis":{"anchor":"y","domain":[0.0,1.0],"title":{"text":"Surface"}},"yaxis":{"anchor":"x","domain":[0.0,1.0],"title":{"text":"Prix (TND)"}},"legend":{"title":{"text":"Type"},"tracegroupgap":0},"title":{"text":"Relation Surface vs Prix par Type de bien"}}}